APT_OACI,APT_IATA,APT_NOM,APT_ISO2,APT_PAYS,PAYS_ZON,PAYS_FSC,APT_LAT,APT_LONG
LFTW,FNI,NIMES-GARONS,FR,France (Métrop.),M,CC,43.76,4.42
LFSN,ENC,NANCY-ESSEY,FR,France (Métrop.),M,CC,48.69,6.23
LFSL,BVE,BRIVE-SOUILLAC,FR,France (Métrop.),M,CC,45.04,1.49
LFGJ,DLE,DOLE-TAVAUX,FR,France (Métrop.),M,CC,47.04,5.44
LFSF,MZM,METZ-FRESCATY,FR,France (Métrop.),M,CC,49.08,6.13
LFSB,MLH,BALE-MULHOUSE,FR,France (Métrop.),M,CC,47.59,7.53
LFRQ,UIP,QUIMPER-PLUGUFFAN,FR,France (Métrop.),M,CC,47.98,-4.17
LFJA,XCW,CHAUMONT-SEMOUTIER,FR,France (Métrop.),M,CC,48.09,5.05
LFTH,TLN,TOULON-HYERES,FR,France (Métrop.),M,CC,43.10,6.15
LFST,SXB,STRASBOURG-ENTZHEIM,FR,France (Métrop.),M,CC,48.54,7.63
LFSG,EPL,EPINAL-MIRECOURT,FR,France (Métrop.),M,CC,48.33,6.07
LFAT,LTQ,LE TOUQUET-COTE D’OPALE,FR,France (Métrop.),M,CC,50.51,1.63
LFRG,DOL,DEAUVILLE-NORMANDIE,FR,France (Métrop.),M,CC,49.36,0.16
LFLJ,CVF,COURCHEVEL,FR,France (Métrop.),M,CC,45.40,6.63
LFLO,RNE,ROANNE,FR,France (Métrop.),M,CC,46.05,4
LFKO,PRP,PROPRIANO,FR,France (Métrop.),M,CC,41.66,8.89
LFMS,XAS,ALES-CEVENNES,FR,France (Métrop.),M,CC,44.07,4.14
LFEC,_nd,OUESSANT,FR,France (Métrop.),M,CC,48.46,-5.06
LFOP,URO,ROUEN-VALLEE DE SEINE,FR,France (Métrop.),M,CC,49.39,1.18
LFRO,LAI,LANNION,FR,France (Métrop.),M,CC,48.75,-3.47
LFGA,CMR,COLMAR-HOUSSEN,FR,France (Métrop.),M,CC,48.11,7.36
LFJL,ETZ,METZ-NANCY-LORRAINE,FR,France (Métrop.),M,CC,48.98,6.25
LFCK,DCM,CASTRES-MAZAMET,FR,France (Métrop.),M,CC,43.56,2.29
LFRZ,SNR,ST-NAZAIRE-MONTOIR,FR,France (Métrop.),M,CC,47.31,-2.16
LFJR,ANE,ANGERS-MARCE,FR,France (Métrop.),M,CC,47.56,-0.31
LFOK,XCR,CHALONS-VATRY,FR,France (Métrop.),M,CC,48.77,4.21
LFKJ,AJA,AJACCIO-NAPOLEON-BONAPARTE,FR,France (Métrop.),M,CC,41.92,8.8
LFHP,LPY,LE PUY-LOUDES,FR,France (Métrop.),M,CC,45.08,3.76
LFPT,POX,PONTOISE-CORMEILLES-EN-VEXIN,FR,France (Métrop.),M,CC,49.10,2.04
LFRM,LME,LE MANS-ARNAGE,FR,France (Métrop.),M,CC,47.95,0.2
LFMN,NCE,NICE-COTE D'AZUR,FR,France (Métrop.),M,CC,43.67,7.22
LFTG,JCA,CANNES,FR,France (Métrop.),M,CC,43.54,7.04
LFDN,RCO,ROCHEFORT-CHARENTE-MARITIME,FR,France (Métrop.),M,CC,45.89,-0.98
LF96,_nd,GRIMAUD,FR,France (Métrop.),M,CC,43.27,6.55
LFTZ,LTT,ST-TROPEZ-LA MOLE,FR,France (Métrop.),M,CC,43.21,6.48
LF90,_nd,HELISTAT DIVERS 06,FR,France (Métrop.),M,CC,,
LFMI,QIE,ISTRES-LE-TUBE,FR,France (Métrop.),M,CC,43.52,4.92
LFLH,XCD,CHALON-CHAMPFORGEUIL,FR,France (Métrop.),M,CC,46.83,4.82
LFRT,SBK,ST-BRIEUC-ARMOR,FR,France (Métrop.),M,CC,48.54,-2.86
LFRS,NTE,NANTES-ATLANTIQUE,FR,France (Métrop.),M,CC,47.16,-1.61
LFLU,VAF,VALENCE-CHABEUIL,FR,France (Métrop.),M,CC,44.92,4.97
LFEY,IDY,ILE D'YEU,FR,France (Métrop.),M,CC,46.72,-2.39
LFSR,RHE,REIMS-CHAMPAGNE,FR,France (Métrop.),M,CC,49.31,4.05
LFRN,RNS,RENNES-ST-JACQUES,FR,France (Métrop.),M,CC,48.07,-1.73
LF83,_nd,HELISTAT DIVERS 83,FR,France (Métrop.),M,CC,,
LFRC,CER,CHERBOURG-MAUPERTUS,FR,France (Métrop.),M,CC,49.65,-1.48
LFCR,RDZ,RODEZ-AVEYRON,FR,France (Métrop.),M,CC,44.41,2.48
LFOH,LEH,LE HAVRE-OCTEVILLE,FR,France (Métrop.),M,CC,49.53,0.09
LFOB,BVA,BEAUVAIS-TILLE,FR,France (Métrop.),M,CC,49.45,2.11
LFRH,LRT,LORIENT-LANN-BIHOUE,FR,France (Métrop.),M,CC,47.76,-3.44
LFRD,DNR,DINARD-PLEURTUIT-ST-MALO,FR,France (Métrop.),M,CC,48.59,-2.08
LFLC,CFE,CLERMONT-FERRAND-AUVERGNE,FR,France (Métrop.),M,CC,45.79,3.16
LFBL,LIG,LIMOGES-BELLEGARDE,FR,France (Métrop.),M,CC,45.86,1.18
LFBI,PIS,POITIERS-BIARD,FR,France (Métrop.),M,CC,46.59,0.31
LFQQ,LIL,LILLE-LESQUIN,FR,France (Métrop.),M,CC,50.56,3.09
LFMU,BZR,BEZIERS-VIAS,FR,France (Métrop.),M,CC,43.32,3.35
LFOT,TUF,TOURS-VAL DE LOIRE,FR,France (Métrop.),M,CC,47.43,0.72
LFRB,BES,BREST-BRETAGNE,FR,France (Métrop.),M,CC,48.45,-4.42
LFMT,MPL,MONTPELLIER-MEDITERRANEE,FR,France (Métrop.),M,CC,43.58,3.96
LFMH,EBU,ST-ETIENNE-LOIRE,FR,France (Métrop.),M,CC,45.53,4.3
LFMP,PGF,PERPIGNAN-RIVESALTES,FR,France (Métrop.),M,CC,42.74,2.87
LFLW,AUR,AURILLAC,FR,France (Métrop.),M,CC,44.90,2.42
LFLL,LYS,LYON-ST-EXUPERY,FR,France (Métrop.),M,CC,45.73,5.08
LFLS,GNB,GRENOBLE-ISERE,FR,France (Métrop.),M,CC,45.36,5.33
LFMV,AVN,AVIGNON-CAUMONT,FR,France (Métrop.),M,CC,43.91,4.9
LFBO,TLS,TOULOUSE-BLAGNAC,FR,France (Métrop.),M,CC,43.64,1.37
LFLP,NCY,ANNECY-MEYTHET,FR,France (Métrop.),M,CC,45.93,6.11
LFRK,CFR,CAEN-CARPIQUET,FR,France (Métrop.),M,CC,49.17,-0.45
LFML,MRS,MARSEILLE-PROVENCE,FR,France (Métrop.),M,CC,43.44,5.22
LFLB,CMF,CHAMBERY-AIX-LES-BAINS,FR,France (Métrop.),M,CC,45.64,5.88
LFBZ,BIQ,BIARRITZ-PAYS-BASQUE,FR,France (Métrop.),M,CC,43.47,-1.53
LFBV,BVE_,BRIVE-LA-ROCHE,FR,France (Métrop.),M,CC,45.15,1.47
LFBX,PGX,PERIGUEUX-BASSILLAC,FR,France (Métrop.),M,CC,45.20,0.82
LFCI,LBI,ALBI-LE SEQUESTRE,FR,France (Métrop.),M,CC,43.91,2.12
LFPB,LBG,PARIS-LE BOURGET,FR,France (Métrop.),M,CC,48.97,2.44
LFLV,VHY,VICHY-CHARMEIL,FR,France (Métrop.),M,CC,46.17,3.4
LFMK,CCF,CARCASSONNE-SALVAZA,FR,France (Métrop.),M,CC,43.22,2.31
LFBS,_nd,BISCARROSSE-PARENTIS,FR,France (Métrop.),M,CC,44.37,-1.13
LFSD,DIJ,DIJON-LONGVIC,FR,France (Métrop.),M,CC,47.27,5.09
LFKF,FSC,FIGARI-SUD-CORSE,FR,France (Métrop.),M,CC,41.50,9.1
LFBT,LDE,TARBES-LOURDES-PYRENEES,FR,France (Métrop.),M,CC,43.19,0.01
LFBD,BOD,BORDEAUX-MERIGNAC,FR,France (Métrop.),M,CC,44.83,-0.72
LFLX,CHR,CHATEAUROUX-DEOLS,FR,France (Métrop.),M,CC,46.86,1.72
LFBA,AGF,AGEN-LA GARENNE,FR,France (Métrop.),M,CC,44.17,0.59
LFBH,LRH,LA ROCHELLE-ILE DE RE,FR,France (Métrop.),M,CC,46.18,-1.2
LFBE,EGC,BERGERAC-ROUMANIERE,FR,France (Métrop.),M,CC,44.82,0.52
LFBP,PUF,PAU-PYRENEES,FR,France (Métrop.),M,CC,43.38,-0.42
LFKB,BIA,BASTIA-PORETTA,FR,France (Métrop.),M,CC,42.55,9.48
LFBU,ANG,ANGOULEME-BRIE-CHAMPNIERS,FR,France (Métrop.),M,CC,45.73,0.22
LFKC,CLY,CALVI-STE-CATHERINE,FR,France (Métrop.),M,CC,42.52,8.79
NTAA,PPT,TAHITI FAA'A,PF,France (Polynésie),O,LC,-17.56,-149.61
NWWW,NOU,NOUMEA LA TONTOUTA,NC,France (Nlle-Calédonie),O,LC,-22.02,166.22
TFFR,PTP,POINTE-A-PITRE-LE RAIZET,GP,France (Guadeloupe),O,LC,16.26,-61.53
SOCA,CAY,CAYENNE-FELIX EBOUE,GF,France (Guyane),O,LC,4.82,-52.36
FMEE,RUN,LA REUNION-ROLAND GARROS,RE,France (Réunion),O,LC,-20.89,55.52
TFFF,FDF,MARTINIQUE-AIME-CESAIRE,MQ,France (Martinique),O,LC,14.59,-61
FMCZ,DZA,MAYOTTE-DZAOUDZI-PAMANDZI,YT,Mayotte,O,LC,-12.81,45.28
EGTG,FZO,FILTON,GB,Royaume-Uni,I,MC,51.52,-2.59
EGTE,EXT,EXETER,GB,Royaume-Uni,I,MC,50.73,-3.41
EGNJ,HUY,HUMBERSIDE,GB,Royaume-Uni,I,MC,53.57,-0.35
EGCD,WFD,MANCHESTER-WOODFORD,GB,Royaume-Uni,I,MC,53.48,-2.25
EGBE,CVT,COVENTRY,GB,Royaume-Uni,I,MC,52.37,-1.48
EGPD,ABZ,ABERDEEN,GB,Royaume-Uni,I,MC,57.20,-2.2
EGAA,BFS,BELFAST ALDERGROVE,GB,Royaume-Uni,I,MC,54.66,-6.22
EGLL,LHR,LONDRES-HEATHROW,GB,Royaume-Uni,I,MC,51.48,-0.46
EGNR,CEG,CHESTER,GB,Royaume-Uni,I,MC,53.13,-2.93
EGAC,BHD,BELFAST CITY,GB,Royaume-Uni,I,MC,54.62,-5.87
EGSS,STN,LONDRES-STANSTED,GB,Royaume-Uni,I,MC,51.88,0.23
EGLC,LCY,LONDON CITY,GB,Royaume-Uni,I,MC,51.51,0.05
EGMH,MSE,MANSTON,GB,Royaume-Uni,I,MC,51.34,1.35
EGCI,DCS,DONCASTER-FINNINGLEY,GB,Royaume-Uni,I,MC,53.52,-1.13
EGAE,LDY,LONDONDERRY,GB,Royaume-Uni,I,MC,55.04,-7.16
EGNX,EMA,EAST MIDLANDS,GB,Royaume-Uni,I,MC,52.83,-1.33
EGMD,LYX,LYDD,GB,Royaume-Uni,I,MC,50.96,0.94
EGCN,DSA,DONCASTER,GB,Royaume-Uni,I,MC,53.48,-1
EGGD,BRS,BRISTOL,GB,Royaume-Uni,I,MC,51.38,-2.72
EGPK,PIK,GLASGOW / PRESTWICK,GB,Royaume-Uni,I,MC,55.51,-4.59
EG99,_nd,DIVERS UK,GB,Royaume-Uni,I,MC,,
EGGP,LPL,LIVERPOOL,GB,Royaume-Uni,I,MC,53.33,-2.85
EGKK,LGW,LONDRES-GATWICK,GB,Royaume-Uni,I,MC,51.15,-0.19
EGHI,SOU,SOUTHAMPTON,GB,Royaume-Uni,I,MC,50.95,-1.36
EGBN,NQT,NOTTINGHAM,GB,Royaume-Uni,I,MC,52.92,-1.08
EGGW,LTN,LONDRES-LUTON,GB,Royaume-Uni,I,MC,51.87,-0.37
EGNV,MME,TEESSIDE,GB,Royaume-Uni,I,MC,54.51,-1.43
EGNM,LBA,LEEDS/BRADFORD,GB,Royaume-Uni,I,MC,53.87,-1.66
EGHH,BOH,BOURNEMOUTH,GB,Royaume-Uni,I,MC,50.78,-1.84
EGPF,GLA,GLASGOW (UK),GB,Royaume-Uni,I,MC,55.87,-4.43
EGCC,MAN,MANCHESTER,GB,Royaume-Uni,I,MC,53.35,-2.27
EGMC,SEN,LONDRES-SOUTHEND,GB,Royaume-Uni,I,MC,51.57,0.7
EGNT,NCL,NEWCASTLE,GB,Royaume-Uni,I,MC,55.04,-1.69
EGSH,NWI,NORWICH,GB,Royaume-Uni,I,MC,52.68,1.28
EGFF,CWL,CARDIFF,GB,Royaume-Uni,I,MC,51.40,-3.34
EGBB,BHX,BIRMINGHAM,GB,Royaume-Uni,I,MC,52.45,-1.75
EGKB,BQH,BIGGIN HILL,GB,Royaume-Uni,I,MC,51.33,0.03
EGPH,EDI,EDIMBOURG,GB,Royaume-Uni,I,MC,55.95,-3.37
BGSF,SFJ,SONDRE STROMFJORD,GL,Groënland (DK),I,LC,67.02,-50.69
LTFD,EDO,BALIKESIR,TR,Turquie,I,MC,39.55,27.01
LTBS,DLM,DALAMAN,TR,Turquie,I,MC,36.71,28.79
LTAD,ANK,ANKARA/ETIMESGUT (MIL),TR,Turquie,I,MC,39.95,32.69
LTAF,ADA,ADANA,TR,Turquie,I,MC,36.98,35.28
LTAI,AYT,ANTALYA,TR,Turquie,I,MC,36.90,30.79
LTBJ,ADB,IZMIR-ADNAN MENDERES,TR,Turquie,I,MC,38.29,27.16
LTAZ,NAV,NEVSEHIR,TR,Turquie,I,MC,38.63,34.72
LTAO,MLX,MALATYA,TR,Turquie,I,MC,38.35,38.25
LTAM,ASR_,KAYSERI,TR,Turquie,I,MC,,
LTFE,BJV,BODRUM-MILAS,TR,Turquie,I,MC,37.25,27.68
LTFJ,SAW,ISTANBUL-SABIHA GOKCEN,TR,Turquie,I,MC,40.90,29.31
LTBQ,_nd,IZMIT,TR,Turquie,I,MC,,
LTBA,IST,ISTANBUL-ATATURK,TR,Turquie,I,MC,40.98,28.81
LTAC,ESB,ANKARA-ESENBOGA,TR,Turquie,I,MC,40.13,33
EDDM,MUC,MUNICH,DE,Allemagne,I,MC,48.35,11.79
EDDB,SXF,BERLIN-SCHOENFELD,DE,Allemagne,I,MC,52.38,13.52
EDLP,PAD,PADERBORN,DE,Allemagne,I,MC,51.61,8.62
EDRZ,ZQW,ZWEIBRUCKEN,DE,Allemagne,I,MC,49.32,8.43
EDLW,DTM,DORTMUND,DE,Allemagne,I,MC,51.52,7.61
EDDC,DRS,DRESDE,DE,Allemagne,I,MC,51.13,13.77
EDDR,SCN,SARREBRUCK,DE,Allemagne,I,MC,49.21,7.11
EDTY,ZPV,SCHWABISH HALL HESSENTAL,DE,Allemagne,I,MC,49.12,9.78
EDDT,TXL,BERLIN-TEGEL,DE,Allemagne,I,MC,52.56,13.29
EDHL,LBC,LUEBECK,DE,Allemagne,I,MC,53.81,10.72
EDFH,HHN,FRANCFORT-HAHN,DE,Allemagne,I,MC,49.95,7.26
EDDN,NUE,NUREMBERG,DE,Allemagne,I,MC,49.50,11.08
EDMA,AGB,MUNICH/AUGSBOURG,DE,Allemagne,I,MC,48.43,10.93
EDHI,XFW,HAMBOURG-FINKENWERDER,DE,Allemagne,I,MC,53.54,9.84
EDDW,BRE,BREME,DE,Allemagne,I,MC,53.05,8.79
EDDS,STR,STUTTGART,DE,Allemagne,I,MC,48.69,9.22
EDLV,NRN,DUSSELDORF-NIEDERRHEIN,DE,Allemagne,I,MC,51.28,6.75
EDDH,HAM,HAMBOURG,DE,Allemagne,I,MC,53.63,9.99
EDLN,MGL,MOENCHENGLADBACH,DE,Allemagne,I,MC,51.23,6.5
EDDV,HAJ,HANOVRE,DE,Allemagne,I,MC,52.46,9.68
EDDF,FRA,FRANCFORT,DE,Allemagne,I,MC,50.03,8.57
ETNL,RLG,ROSTOCK-LAAGE,DE,Allemagne,I,MC,53.92,12.28
ETSI,IGS,INGOLSTADT,DE,Allemagne,I,MC,48.72,11.53
ED99,_nd,DIVERS ALLEMAGNE,DE,Allemagne,I,MC,,
EDDK,CGN,COLOGNE/BONN,DE,Allemagne,I,MC,50.87,7.14
EDJA,FMM,MEMMINGEN,DE,Allemagne,I,MC,47.99,10.18
EDDP,LEJ,LEIPZIG,DE,Allemagne,I,MC,51.42,12.24
EDDL,DUS,DUSSELDORF-RHEIN-RUHR,DE,Allemagne,I,MC,51.28,6.76
EDDG,FMO,MUENSTER,DE,Allemagne,I,MC,52.13,7.68
EDSB,FKB,KARLSRUHE-BADEN BADEN,DE,Allemagne,I,MC,48.78,8.08
EDOR,_nd,STOLLN,DE,Allemagne,I,MC,53.93,12.27
EDLX,ZQP,WESEL,DE,Allemagne,I,MC,51.66,6.6
KPHL,PHL,PHILADELPHIE,US,Etats-Unis,I,LC,39.87,-75.24
KPDX,PDX,PORTLAND/INTL-OR.,US,Etats-Unis,I,LC,45.59,-122.6
KMIA,MIA,MIAMI-INT'L,US,Etats-Unis,I,LC,25.79,-80.29
KRDU,RDU,RALEIGH/DURHAM,US,Etats-Unis,I,LC,35.88,-78.79
KSFO,SFO,SAN FRANCISCO,US,Etats-Unis,I,LC,37.62,-122.37
KEWR,EWR,NEW YORK-NEWARK,US,Etats-Unis,I,LC,40.69,-74.17
KCLT,CLT,CHARLOTTE,US,Etats-Unis,I,LC,35.21,-80.94
KLAX,LAX,LOS ANGELES-INT'L,US,Etats-Unis,I,LC,33.94,-118.41
KWAS,WAS,WASHINGTON,US,Etats-Unis,I,LC,38.95,-77.45
KDFW,DFW,DALLAS-FT. WORTH,US,Etats-Unis,I,LC,32.90,-97.04
KHOU,HOU,HOUSTON-HOBBY,US,Etats-Unis,I,LC,29.65,-95.28
KCHI,CHI,CHICAGO,US,Etats-Unis,I,LC,42.00,-87.97
KSAV,SAV,SAVANNAH,US,Etats-Unis,I,LC,32.13,-81.2
KCVG,CVG,CINCINNATI INTL,US,Etats-Unis,I,LC,39.05,-84.66
KDAL,DAL,DALLAS-LOVE FIELD,US,Etats-Unis,I,LC,32.85,-96.85
KORL,ORL,ORLANDO,US,Etats-Unis,I,LC,28.55,-81.33
KPIT,PIT,PITTSBURGH,US,Etats-Unis,I,LC,40.49,-80.23
KOAK,OAK,OAKLAND,US,Etats-Unis,I,LC,37.72,-122.22
KBWI,BWI,BALTIMORE,US,Etats-Unis,I,LC,39.18,-76.67
KORD,ORD,CHICAGO-O'HARE,US,Etats-Unis,I,LC,41.98,-87.9
KSLC,SLC,SALT LAKE CITY,US,Etats-Unis,I,LC,40.79,-111.98
KONT,ONT,ONTARIO,US,Etats-Unis,I,LC,34.06,-117.6
KDEN,DEN,DENVER,US,Etats-Unis,I,LC,39.86,-104.67
KCMH,CMH,COLUMBUS,US,Etats-Unis,I,LC,40.00,-82.89
KDTW,DTW,DETROIT-METRO WAYNE,US,Etats-Unis,I,LC,42.21,-83.35
KCLE,CLE,CLEVELAND,US,Etats-Unis,I,LC,41.41,-81.85
KIAH,IAH,HOUSTON-G. BUSH,US,Etats-Unis,I,LC,29.98,-95.34
KJFK,JFK,NEW YORK-KENNEDY,US,Etats-Unis,I,LC,40.64,-73.78
KMSP,MSP,MINNEAPOLIS-ST-PAUL,US,Etats-Unis,I,LC,44.88,-93.22
PANC,ANC,ANCHORAGE,US,Etats-Unis,I,LC,61.17,-150
KLAS,LAS,LAS VEGAS,US,Etats-Unis,I,LC,36.08,-115.15
KSMF,SMF,SACRAMENTO,US,Etats-Unis,I,LC,38.70,-121.59
KSJC,SJC,SAN JOSE,US,Etats-Unis,I,LC,37.36,-121.93
KTYS,TYS,KNOXVILLE,US,Etats-Unis,I,LC,35.81,-83.99
KMCO,MCO,ORLANDO,US,Etats-Unis,I,LC,28.43,-81.32
KATL,ATL,ATLANTA-HARTFIELD,US,Etats-Unis,I,LC,33.64,-84.43
KCSG,CSG,COLUMBUS METROPOLITAN-GA.,US,Etats-Unis,I,LC,32.52,-84.94
KSEA,SEA,SEATTLE,US,Etats-Unis,I,LC,47.45,-122.31
KSTL,STL,ST-LOUIS,US,Etats-Unis,I,LC,38.75,-90.36
KHFD,HFD,HARTFORD CT/SPRINGFIELD,US,Etats-Unis,I,LC,41.74,-72.65
KFLL,FLL,FT. LAUDERDALE,US,Etats-Unis,I,LC,26.07,-80.15
KIAD,IAD,WASHINGTON-DULLES,US,Etats-Unis,I,LC,38.94,-77.46
KMSY,MSY,NEW ORLEANS,US,Etats-Unis,I,LC,29.99,-90.26
KPHX,PHX,PHOENIX,US,Etats-Unis,I,LC,33.43,-112.01
KAUS,AUS,AUSTIN,US,Etats-Unis,I,LC,30.19,-97.67
KBNA,BNA,NASHVILLE,US,Etats-Unis,I,LC,36.12,-86.68
KJAX,JAX,JACKSONVILLE/INTL-FL..,US,Etats-Unis,I,LC,30.49,-81.69
KBGR,BGR,BANGOR,US,Etats-Unis,I,LC,44.81,-68.83
KBOS,BOS,BOSTON,US,Etats-Unis,I,LC,42.36,-71.01
KDTT,DTT,DETROIT - METROPOLITAN AREA,US,Etats-Unis,I,LC,42.22,-83.35
UGTB,TBS,TBILISI,GE,Georgie,I,MC,41.67,44.95
YSSY,SYD,SYDNEY,AU,Australie,I,LC,-33.95,151.18
YMML,MEL,MELBOURNE,AU,Australie,I,LC,-37.67,144.84
SBGL,GIG,RIO DE JANEIRO-GALHELAOS,BR,Brésil,I,LC,-22.81,-43.25
SBSV,SSA,SALVADOR,BR,Brésil,I,LC,-12.91,-38.32
SBRF,REC,RECIFE,BR,Brésil,I,LC,-8.13,-34.92
SBGR,GRU,SAO PAULO-GUARULHOS,BR,Brésil,I,LC,-23.44,-46.47
SBBR,BSB,BRASILIA,BR,Brésil,I,LC,-15.86,-47.91
SBFZ,FOR,FORTALEZA,BR,Brésil,I,LC,-3.78,-38.53
SBHZ,_nd,BELO HORIZONTE,BR,Brésil,I,LC,-19.92,-43.97
SBCF,CNF,BELO HORIZONTE,BR,Brésil,I,LC,-19.63,-43.97
SBSP,CGH,SAO PAULO - CONGHOÑAS,BR,Brésil,I,LC,-23.63,-46.66
VCBI,CMB,COLOMBO,LK,Sri Lanka,I,LC,7.18,79.89
VABB,BOM,MUMBAI/BOMBAY,IN,Inde,I,LC,19.09,72.87
VIDD,_nd,DELHI,IN,Inde,I,LC,28.58,77.21
VIDP,DEL,DELHI,IN,Inde,I,LC,28.57,77.11
VEBA,_nd,BEHALA-KOLKATA,IN,Inde,I,LC,22.50,88.29
VAAH,AMD,AHMEDABAD,IN,Inde,I,LC,23.07,72.63
VOBG,_nd,BANGALORE,IN,Inde,I,LC,12.95,77.67
VOBL,BLR,BANGALORE,IN,Inde,I,LC,12.95,77.67
VOMM,MAA,CHENNAI (MADRAS),IN,Inde,I,LC,12.99,80.18
ZSSS,SHA,SHANGHAI-HONGKIAO,CN,Chine,I,LC,31.20,121.34
ZHHH,WUH,WUHAN TIANHE,CN,Chine,I,LC,30.78,114.21
ZLXY,XIY,XI AN,CN,Chine,I,LC,34.44,108.75
ZWWW,URC,URUMQI,CN,Chine,I,LC,43.91,87.48
ZBAA,PEK,PEKIN,CN,Chine,I,LC,40.08,116.59
ZSPD,PVG,SHANGHAI-PUDONG,CN,Chine,I,LC,31.14,121.79
ZGGG,CAN,GUANGZHOU,CN,Chine,I,LC,23.18,113.27
ZYTL,DLC,DALIAN,CN,Chine,I,LC,38.96,121.53
ZUUU,CTU,CHENGDU,CN,Chine,I,LC,30.58,103.95
ZPPP,KMG,KUNMING,CN,Chine,I,LC,25.00,102.75
OEJB,_nd,JUBAIL,SA,Arabie Saoudite,I,LC,,
OEDR,DHA,DHAHRAN,SA,Arabie Saoudite,I,LC,26.26,50.15
OE99,_nd,DIVERS ARABIE SAOUDITE,SA,Arabie Saoudite,I,LC,,
OEMA,MED,MEDINE,SA,Arabie Saoudite,I,LC,24.55,39.71
OERK,RUH,RIYADH KING KAHLED,SA,Arabie Saoudite,I,LC,24.96,46.71
OERY,_nd,RIYADH AIR BASE,SA,Arabie Saoudite,I,LC,24.72,46.72
OEJN,JED,JEDDAH,SA,Arabie Saoudite,I,LC,21.68,39.16
LE99,_nd,DIVERS ESPAGNE,ES,Espagne,I,MC,,
LEAL,ALC,ALICANTE,ES,Espagne,I,MC,38.28,-0.56
LEBB,BIO,BILBAO,ES,Espagne,I,MC,43.30,-2.91
LEBL,BCN,BARCELONE-EL PRAT,ES,Espagne,I,MC,41.30,2.08
LEVD,VLL,VALLADOLID,ES,Espagne,I,MC,41.71,-4.85
LEPA,PMI,PALMA DE MAJORQUE,ES,Espagne,I,MC,39.55,2.74
LEVX,VGO,VIGO,ES,Espagne,I,MC,42.23,-8.63
LEMG,AGP,MALAGA-COSTA DEL SOL,ES,Espagne,I,MC,36.67,-4.5
LEVC,VLC,VALENCE (ESP.),ES,Espagne,I,MC,39.49,-0.48
LEAM,LEI,ALMERIA,ES,Espagne,I,MC,36.84,-2.37
LEBZ,BJZ,BADAJOZ,ES,Espagne,I,MC,38.89,-6.82
LEMD,MAD,MADRID-ADOLFO SUAREZ,ES,Espagne,I,MC,40.47,-3.56
LEDA,ILD,LLEIDA-ALGUAIRE,ES,Espagne,I,MC,41.73,0.53
LEGR,GRX,GRENADE,ES,Espagne,I,MC,37.19,-3.78
LECO,LCG,LA COROGNE,ES,Espagne,I,MC,43.30,-8.38
LEJR,XRY,XERES DE LA FRONTERA,ES,Espagne,I,MC,36.74,-6.06
LELC,MJV,MURCIE SAN JAVIER,ES,Espagne,I,MC,38.00,-1.83
LEZG,ZAZ,SARAGOSSE,ES,Espagne,I,MC,41.67,-1.04
LEST,SCQ,ST-JACQUES DE COMPOSTELLE,ES,Espagne,I,MC,42.90,-8.42
LEIB,IBZ,IBIZA,ES,Espagne,I,MC,38.87,1.37
LEMH,MAH,MINORQUE,ES,Espagne,I,MC,39.86,4.22
LEGE,GRO,GERONE,ES,Espagne,I,MC,41.90,2.76
LEXJ,SDR,SANTANDER,ES,Espagne,I,MC,43.43,-3.82
LEAS,OVD,ASTURIAS,ES,Espagne,I,MC,43.56,-6.03
LEZL,SVQ,SEVILLE,ES,Espagne,I,MC,37.42,-5.9
LERS,REU,REUS,ES,Espagne,I,MC,41.15,1.17
RJBB,KIX,OSAKA-KANSAI,JP,Japon,I,LC,34.43,135.24
RJNN,NGO_,NAGOYA,JP,Japon,I,LC,35.26,136.92
RJAA,NRT,TOKYO-NARITA,JP,Japon,I,LC,35.77,140.39
RJOO,ITM,OSAKA CITY,JP,Japon,I,LC,34.78,135.44
RJTT,HND,TOKYO-HANEDA,JP,Japon,I,LC,35.55,139.78
UMKK,KGD,KALININGRAD,RU,Russie (Féd. de),I,MC,54.89,20.59
ULLI,LED,ST-PETERSBOURG,RU,Russie (Féd. de),I,MC,59.80,30.27
UUWW,VKO,MOSCOU-VNUKOVO,RU,Russie (Féd. de),I,MC,55.60,37.27
URSS,AER,ADLER/SOCHI,RU,Russie (Féd. de),I,MC,43.45,39.95
UUEE,SVO,MOSCOU-SHEREMETYEVO,RU,Russie (Féd. de),I,MC,55.97,37.41
USSS,SVX,EKATERINBURG,RU,Russie (Féd. de),I,MC,56.74,60.8
UUDD,DME,MOSCOU-DOMODEDOVO,RU,Russie (Féd. de),I,MC,55.41,37.91
DNPO,PHC,PORT HARCOURT,NG,Nigeria,I,LC,5.01,6.95
DNAA,ABV,ABUJA,NG,Nigeria,I,LC,9.01,7.26
DNMM,LOS,LAGOS,NG,Nigeria,I,LC,6.57,3.32
FAOR,JNB,JOHANNESBOURG-TAMBO INT'L,ZA,Afrique du Sud,I,LC,-26.14,28.25
FACT,CPT,LE CAP,ZA,Afrique du Sud,I,LC,-33.97,18.6
HAAB,ADD,ADDIS ABEBA,ET,Ethiopie,I,LC,8.98,38.8
LGPZ,PVK,PREVEZA/LEFKAS,GR,Grèce,I,MC,38.93,20.77
LGZA,ZTH,ZANTE (I. IONNIENNES),GR,Grèce,I,MC,37.75,20.88
LGSY,SKU,SKIROS,GR,Grèce,I,MC,38.97,24.49
LGRX,GPA,PATRAS,GR,Grèce,I,MC,38.15,21.42
LGAV,ATH,ATHENES,GR,Grèce,I,MC,37.94,23.94
LGKR,CFU,CORFOU  (I. IONNIENNES),GR,Grèce,I,MC,39.60,19.91
LGTS,SKG,THESSALONIQUE,GR,Grèce,I,MC,40.52,22.97
LGKO,KGS,KOS (ARCH. DEDOCANESE),GR,Grèce,I,MC,36.80,27.09
LG99,_nd,DIVERS GRECE,GR,Grèce,I,MC,37.97,23.72
LGRP,RHO,RHODES-DIAGORAS,GR,Grèce,I,MC,36.41,28.09
LGKL,KLX,KALAMATA,GR,Grèce,I,MC,37.07,22.03
LGAD,PYR,ANDRAVIDA,GR,Grèce,I,MC,,
LGSR,JTR,SANTORIN (I. CYCLADES),GR,Grèce,I,MC,36.40,25.48
LGAL,AXD,ALEXANDROUPOLIS,GR,Grèce,I,MC,40.86,25.96
LGSM,SMI,SAMOS ISLAND,GR,Grèce,I,MC,37.69,26.91
LGKC,KIT,KITHIRA,GR,Grèce,I,MC,36.29,23.02
LGIR,HER,HERAKLION  (CRETE),GR,Grèce,I,MC,35.34,25.18
LGBL,VOL,VOLOS,GR,Grèce,I,MC,39.22,22.79
LGMK,JMK,MIKONOS,GR,Grèce,I,MC,37.44,25.35
LGSA,CHQ,LA CANEE (CRETE),GR,Grèce,I,MC,35.53,24.15
RKSI,ICN,SEOUL-ICHON,KR,Corée du Sud,I,LC,37.46,126.44
RKSS,GMP,SEOUL-GIMPO,KR,Corée du Sud,I,LC,37.56,126.8
DAAG,ALG,ALGER,DZ,Algérie,I,MC,36.69,3.22
DABC,CZL,CONSTANTINE,DZ,Algérie,I,MC,36.29,6.62
DABB,AAE,ANNABA,DZ,Algérie,I,MC,36.82,7.81
DA99,_nd,DIVERS ALGERIE,DZ,Algérie,I,MC,,
DAAE,BJA,BEJAIA,DZ,Algérie,I,MC,36.72,5.07
DAUG,GHA,GHARDAIA,DZ,Algérie,I,MC,32.38,3.8
DAAV,GJL,JIJEL,DZ,Algérie,I,MC,36.79,5.87
DAOO,ORN,ORAN,DZ,Algérie,I,MC,35.63,-0.61
DAON,TLM,TLEMCEN,DZ,Algérie,I,MC,35.02,-1.45
DAOL,TAF,ORAN,DZ,Algérie,I,MC,35.72,-0.72
DAOI,CFK,CHLEF-ECH CHELIFF,DZ,Algérie,I,MC,36.22,1.33
DAAJ,DJG,DJANET,DZ,Algérie,I,MC,24.29,9.45
DAUH,HME,HASSI MESSAOUD,DZ,Algérie,I,MC,31.67,6.14
DAAT,TMR,TAMANRASSET,DZ,Algérie,I,MC,22.81,5.45
DAAS,QSF,SETIF,DZ,Algérie,I,MC,36.17,5.32
DAUU,OGX,OUARGLA,DZ,Algérie,I,MC,31.93,5.42
DAUB,BSK,BISKRA,DZ,Algérie,I,MC,34.80,5.73
DABT,BLJ,BATNA,DZ,Algérie,I,MC,35.55,6.17
BIRK,RKV,REYKJAVIK,IS,Islande,I,MC,64.13,-21.94
BIAR,AEY,AKUREYRI,IS,Islande,I,MC,65.66,-18.07
BIKF,KEF,REYKJAVIK-KEFLAVIK,IS,Islande,I,MC,63.98,-22.61
ENTO,TRF,OSLO-TORP,NO,Norvège,I,MC,59.19,10.26
EN99,_nd,DIVERS NORVEGE,NO,Norvège,I,MC,,
ENHD,HAU,HAUGESUND,NO,Norvège,I,MC,59.34,5.21
ENFB,FBU,OSLO-STATFJORD,NO,Norvège,I,MC,59.90,10.62
ENVA,TRD,TRONDHEIM,NO,Norvège,I,MC,63.46,10.92
ENBO,BOO,BODO,NO,Norvège,I,MC,67.27,14.37
ENFG,VDB,FAGERNES,NO,Norvège,I,MC,61.02,9.29
ENGM,OSL,OSLO-GARDERMOEN,NO,Norvège,I,MC,60.20,11.08
ENEV,EVE,EVENES,NO,Norvège,I,MC,68.49,16.68
ENZV,SVG,STAVANGER,NO,Norvège,I,MC,58.88,5.64
ENTC,TOS,TROMSO,NO,Norvège,I,MC,69.68,18.92
ENAL,AES,AALESUND,NO,Norvège,I,MC,62.56,6.12
ENCN,KRS,KRISTIANSAND,NO,Norvège,I,MC,58.20,8.09
ENRY,RYG,OSLO-RYGGE,NO,Norvège,I,MC,59.38,10.79
ENSB,LYR,SVALBARD,NO,Norvège,I,MC,78.25,15.47
ENBR,BGO,BERGEN,NO,Norvège,I,MC,60.29,5.22
GVBA,BVC,BOA VISTA,CV,Cap Vert,I,LC,16.14,-22.89
GVAC,SID,SAL,CV,Cap Vert,I,LC,16.74,-22.95
GVNP,RAI,PRAIA-NELSON MANDELA,CV,Cap Vert,I,LC,14.92,-23.52
GVSV,VXE,SAO VICENTE,CV,Cap Vert,I,LC,16.83,-25.06
VVTS,SGN,HO CHI MINH,VN,Viet Nam,I,LC,10.82,106.66
VVNB,HAN,HANOI,VN,Viet Nam,I,LC,21.22,105.81
GCFV,FUE,FUERTEVENTURA,ES,Espagne,I,MC,28.45,-13.86
GCXO,TFN,TENERIFE-NORD/LOS RODEOS,ES,Espagne,I,MC,28.48,-16.34
GCRR,ACE,LANZAROTE,ES,Espagne,I,MC,28.95,-13.61
GCLA,SPC,SANTA CRUZ LA PALMA,ES,Espagne,I,MC,28.63,-17.76
GCLP,LPA,GRAN CANARIA,ES,Espagne,I,MC,27.93,-15.39
GCTS,TFS,TENERIFE-SUD/REINA SOFIA,ES,Espagne,I,MC,28.04,-16.57
WMKP,PEN,PENANG,MY,Malaisie,I,LC,5.30,100.28
WMKK,KUL,KUALA LUMPUR-SEPANG,MY,Malaisie,I,LC,2.74,101.7
FNLU,LAD,LUANDA,AO,Angola,I,LC,-8.86,13.23
CYOW,YOW,OTTAWA,CA,Canada,I,LC,45.32,-75.67
CYQX,YQX,GANDER,CA,Canada,I,LC,48.94,-54.57
CYQB,YQB,QUEBEC,CA,Canada,I,LC,46.79,-71.39
CYYZ,YYZ,TORONTO-PEARSON,CA,Canada,I,LC,43.68,-79.63
CYQM,YQM,MONCTON,CA,Canada,I,LC,46.11,-64.68
CYWG,YWG,WINNIPEG,CA,Canada,I,LC,49.91,-97.24
CYYC,YYC,CALGARY,CA,Canada,I,LC,51.11,-114.02
CY99,_nd,DIVERS CANADA,CA,Canada,I,LC,,
CYMX,YMX,MONTREAL-MIRABEL,CA,Canada,I,LC,45.68,-74.04
CYEG,YEG,EDMONTON INTERNATIONAL,CA,Canada,I,LC,53.31,-113.58
CYYT,YYT,SAINT JEAN DE TERRENEUVE,CA,Canada,I,LC,47.62,-52.75
CYYR,YYR,GOOSE BAY,CA,Canada,I,LC,53.32,-60.43
CYUL,YUL,MONTREAL-DORVAL,CA,Canada,I,LC,45.47,-73.74
CYVR,YVR,VANCOUVER,CA,Canada,I,LC,49.20,-123.18
CYHZ,YHZ,HALIFAX,CA,Canada,I,LC,44.88,-63.51
ESGD,_nd,TIDAHOLM,SE,Suède,I,MC,,
ESKN,NYO,STOCKHOLM-NYKOEPING,SE,Suède,I,MC,58.79,16.9
ESMS,MMX,MALMO,SE,Suède,I,MC,55.55,13.35
ESSA,ARN,STOCKHOLM-ARLANDA,SE,Suède,I,MC,59.65,17.92
ESGP,GSE,GOTEBORG-SAVE,SE,Suède,I,MC,57.78,11.87
ESGG,GOT,GOTEBORG-LANDVETTER,SE,Suède,I,MC,57.66,12.29
ESSQ,KSD_,KARLSTAD,SE,Suède,I,MC,59.44,13.34
DIAP,ABJ,ABIDJAN,CI,Côte d'Ivoire,I,LC,5.25,-3.93
DIYO,ASK,YAMOUSSOUKRO,CI,Côte d'Ivoire,I,LC,6.91,-5.36
OMRK,RKT,RAS AL KHAIMAH,AE,Emirats Arabes Unis,I,LC,25.61,55.94
OMDW,DWC,DUBAI-AL MAKTOUM,AE,Emirats Arabes Unis,I,LC,24.91,55.16
OMAA,AUH,ABU DHABI INTERNATIONAL,AE,Emirats Arabes Unis,I,LC,24.43,54.65
OMSJ,SHJ,SHARJAH,AE,Emirats Arabes Unis,I,LC,25.33,55.52
OMAD,AZI,ABU DHABI (BATEEN),AE,Emirats Arabes Unis,I,LC,24.42,54.45
OMDB,DXB,DUBAI INTERNATIONAL,AE,Emirats Arabes Unis,I,LC,25.25,55.36
LSZB,BRN,BERNE,CH,Suisse,I,MC,46.91,7.5
LSGS,SIR,SION,CH,Suisse,I,MC,46.22,7.33
LSZH,ZRH,ZURICH,CH,Suisse,I,MC,47.46,8.55
LSZA,LUG,LUGANO,CH,Suisse,I,MC,46.00,8.91
LSGG,GVA,GENEVE,CH,Suisse,I,MC,46.24,6.11
EHBK,MST,MAASTRICHT,NL,Pays-Bas,I,MC,50.92,5.78
EHRD,RTM,ROTTERDAM,NL,Pays-Bas,I,MC,51.96,4.44
EHGG,GRQ,GRONINGUE,NL,Pays-Bas,I,MC,53.13,6.58
EHTW,ENS,ENSCHEDE,NL,Pays-Bas,I,MC,52.28,6.89
EHAM,AMS,AMSTERDAM,NL,Pays-Bas,I,MC,52.31,4.76
EHEH,EIN,EINDHOVEN,NL,Pays-Bas,I,MC,51.45,5.37
EBLG,LGG,LIEGE,BE,Belgique,I,MC,50.64,5.44
EB99,_nd,DIVERS BELGIQUE,BE,Belgique,I,MC,,
EBOS,OST,OSTENDE-BRUGES,BE,Belgique,I,MC,51.20,2.86
EBCI,CRL,BRUXELLES-CHARLEROI,BE,Belgique,I,MC,50.46,4.45
EBBR,BRU,BRUXELLES,BE,Belgique,I,MC,50.90,4.48
BKPR,PRN,PRISTINA,XK,Kosovo,I,MC,42.57,21.04
LY99,_nd,DIVERS KOSOVO,XK,Kosovo,I,MC,,
DBBB,COO,COTONOU,BJ,Benin,I,LC,6.36,2.38
DFFD,OUA,OUAGADOUGOU,BF,Burkina Faso,I,LC,12.35,-1.51
DGAA,ACC,ACCRA,GH,Ghana,I,LC,5.60,-0.17
DRZA,AJY,AGADES,NE,Niger,I,LC,16.96,7.99
DRRN,NIM,NIAMEY,NE,Niger,I,LC,13.48,2.17
DTTX,SFA,SFAX,TN,Tunisie,I,MC,34.72,10.69
DTKA,TBJ,TABARKA,TN,Tunisie,I,MC,36.98,8.88
DTTA,TUN,TUNIS,TN,Tunisie,I,MC,36.85,10.23
DTMB,MIR,MONASTIR,TN,Tunisie,I,MC,35.76,10.75
DTTJ,DJE,DJERBA,TN,Tunisie,I,MC,33.88,10.78
DT99,_nd,DIVERS TUNISIE,TN,Tunisie,I,MC,,
DTTZ,TOE,TOZEUR,TN,Tunisie,I,MC,33.94,8.11
DTNH,NBE,ENFIDHA-HAMMAMET,TN,Tunisie,I,MC,36.08,10.43
DXXX,LFW,LOME,TG,Togo,I,LC,6.17,1.25
EKRK,RKE,COPENHAGUE-ROSKILD,DK,Danemark,I,MC,55.59,12.13
EKYT,AAL,AALBORG,DK,Danemark,I,MC,57.09,9.85
EKBI,BLL,BILLUND,DK,Danemark,I,MC,55.74,9.15
EKCH,CPH,COPENHAGUE-KASTRUP,DK,Danemark,I,MC,55.62,12.66
EETN,TLL,TALLINN,EE,Estonie,I,MC,59.41,24.83
EFKT,KTT,KITTILA,FI,Finlande,I,MC,67.70,24.85
EFKS,KAO,KUUSAMO,FI,Finlande,I,MC,65.99,29.23
EFHF,HEM,HELSINKI-MALMI,FI,Finlande,I,MC,60.25,25.04
EFRO,RVN,ROVANIEMI,FI,Finlande,I,MC,66.56,25.83
EFKI,KAJ,KAJAANI,FI,Finlande,I,MC,64.28,27.69
EFTU,TKU,TURKU,FI,Finlande,I,MC,60.51,22.26
EFHK,HEL,HELSINKI-VANTAA,FI,Finlande,I,MC,60.32,24.96
EFET,ENF,ENONTEKIO,FI,Finlande,I,MC,68.36,23.43
EFIV,IVL,IVALO,FI,Finlande,I,MC,68.61,27.41
EGJJ,JER,JERSEY,nd,Anglo-Normandes Is. (UK),I,MC,49.21,-2.2
EGJB,GCI,GUERNESEY,nd,Anglo-Normandes Is. (UK),I,MC,49.44,-2.6
EINN,SNN,SHANNON,IE,Irlande,I,MC,52.70,-8.92
EICM,GWY,GALWAY,IE,Irlande,I,MC,53.30,-8.94
EIWF,WAT,WATERFORD,IE,Irlande,I,MC,52.19,-7.09
EIKY,KIR,KERRY COUNTY,IE,Irlande,I,MC,52.18,-9.52
EIKN,NOC,CONNAUGHT,IE,Irlande,I,MC,53.91,-8.82
EICK,ORK,CORK,IE,Irlande,I,MC,51.84,-8.49
EIDW,DUB,DUBLIN,IE,Irlande,I,MC,53.42,-6.27
ELLX,LUX,LUXEMBOURG,LU,Luxembourg,I,MC,49.62,6.2
EPKT,KTW,KATOWICE,PL,Pologne,I,MC,50.47,19.08
EPRZ,RZE,RZESZOW,PL,Pologne,I,MC,50.11,22.02
EPMO,WMI,VARSOVIE-MODLIN,PL,Pologne,I,MC,52.45,20.65
EPPO,POZ,POZNAN,PL,Pologne,I,MC,52.42,16.83
EPWR,WRO,WROCLAW,PL,Pologne,I,MC,51.10,16.89
EPKK,KRK,CRACOVIE,PL,Pologne,I,MC,50.08,19.78
EPGD,GDN,GDANSK,PL,Pologne,I,MC,54.38,18.47
EPWA,WAW,VARSOVIE-CHOPIN,PL,Pologne,I,MC,52.17,20.97
EPLL,LCJ,LODZ,PL,Pologne,I,MC,51.72,19.4
EYVI,VNO,VILNIUS,LT,Lituanie,I,MC,54.64,25.29
EYKA,KUN,KAUNAS,LT,Lituanie,I,MC,54.96,24.08
EVRA,RIX,RIGA,LV,Lettonie,I,MC,56.92,23.97
FBNW,GBE,GABORONE,BW,Botswana,I,LC,-24.75,25.92
FCBB,BZV,BRAZZAVILLE,CG,Congo-Brazzaville (Rép.),I,LC,-4.26,15.25
FCPP,PNR,POINTE NOIRE,CG,Congo-Brazzaville (Rép.),I,LC,-4.81,11.89
FEFF,BGF,BANGUI,CF,Centrafricaine (Rép.),I,LC,4.40,18.52
FGSL,SSG,MALABO,GQ,Guinée Equatoriale,I,LC,3.76,8.71
FIMP,MRU,MAURICE,MU,Maurice,I,LC,-20.43,57.68
FKYS,NSI,YAOUNDE-NSIMALEN,CM,Cameroun,I,LC,3.72,11.55
FKKR,GOU,GAROUA,CM,Cameroun,I,LC,9.34,13.38
FKKD,DLA,DOUALA,CM,Cameroun,I,LC,4.01,9.71
FLKK,LUN,KENETH KAUNDA,ZM,Zambie,I,LC,-15.33,28.46
FMCH,HAH,MORONI,KM,Comores,I,LC,-11.54,43.27
FMCN,YVA,MORONI,KM,Comores,I,LC,-11.71,43.25
FMMI,TNR,TANANARIVE,MG,Madagascar,I,LC,-18.80,47.48
FMNN,NOS,NOSSI-BE,MG,Madagascar,I,LC,-13.32,48.31
FOOL,LBV,LIBREVILLE,GA,Gabon,I,LC,0.46,9.41
FQMA,MPM,MAPUTO,MZ,Mozambique,I,LC,-25.92,32.57
FSIA,SEZ,MAHE IS.,SC,Seychelles,I,LC,-4.67,55.52
FTTJ,NDJ,N'DJAMENA,TD,Tchad,I,LC,12.13,15.02
FVCP,HRE,HARARE,ZW,Zimbabwe,I,LC,-17.75,30.92
FWHQ,_nd,LILONGWE HQ,MW,Malawi,I,LC,-13.97,33.7
FWKI,LLW,LILONGWE-KUMUZU,MW,Malawi,I,LC,-13.79,33.78
FYWE,ERS,WINDHOEK,NA,Namibie,I,LC,-22.61,17.08
FZAA,FIH,KINSHASA,CD,Congo-Kinshasa (Rép. dém.),I,LC,-4.38,15.45
GAGO,GAQ,GAO,ML,Mali,I,LC,16.25,-0.01
GAKY,KYS,KAYES,ML,Mali,I,LC,14.43,-11.44
GABS,BKO,BAMAKO,ML,Mali,I,LC,12.54,-7.94
GAMB,MZI,MOPTI,ML,Mali,I,LC,14.51,-4.08
GBYD,BJL,BANJUL,GM,Gambie,I,LC,13.34,-16.66
GFLL,FNA,FREETOWN,SL,Sierra Leone,I,LC,8.62,-13.2
GLRB,ROB,MONROVIA,LR,Liberia,I,LC,6.24,-10.36
GMME,RBA,RABAT,MA,Maroc,I,MC,34.05,-6.76
GMMW,NDR,NADOR-EL AROUI,MA,Maroc,I,MC,34.99,-3.03
GMTT,TNG,TANGER,MA,Maroc,I,MC,35.72,-5.91
GMFO,OUD,OUJDA,MA,Maroc,I,MC,34.79,-1.93
GMAD,AGA,AGADIR-AL MASIRA,MA,Maroc,I,MC,30.32,-9.41
GMMC,CAS,CASABLANCA - ANFA,MA,Maroc,I,MC,33.56,-7.66
GMMN,CMN,CASABLANCA-MOHAMMED V,MA,Maroc,I,MC,33.37,-7.58
GMFF,FEZ,FEZ,MA,Maroc,I,MC,33.93,-4.97
GMFK,ERH,ERRACHIDIA,MA,Maroc,I,MC,31.95,-4.4
GMMH,VIL,DAKHLA,MA,Maroc,I,MC,23.72,-15.93
GMMI,ESU,ESSAOUIRA,MA,Maroc,I,MC,31.40,-9.68
GMTN,TTU,TETOUAN,MA,Maroc,I,MC,35.60,-5.32
GMMX,RAK,MARRAKECH,MA,Maroc,I,MC,31.61,-8.04
GMMZ,OZZ,OUARZAZATE,MA,Maroc,I,MC,30.93,-6.9
GMTA,AHU,AL HOCEIMA,MA,Maroc,I,MC,35.18,-3.83
GMFN,NDR_,NADOR TAOUIMA,MA,Maroc,I,MC,35.20,-2.92
GMMA,SMW,SMARA (SAHARA OCCIDENTAL),MA,Maroc,I,MC,26.73,-11.68
GOSS,XLS,ST-LOUIS,SN,Sénégal,I,LC,16.05,-16.46
GOGS,CSK,CAP SKIRRING,SN,Sénégal,I,LC,12.39,-16.74
GOOY,DKR,DAKAR,SN,Sénégal,I,LC,14.74,-17.48
GOBD,DSS,DAKAR BLAISE DIAGNE,SN,Sénégal,I,LC,14.67,-17.07
GQPA,ATR,ATAR,MR,Mauritanie,I,LC,20.50,-13.05
GQNN,NKC,NOUAKCHOTT,MR,Mauritanie,I,LC,18.10,-15.95
GQNO,NKC_,NOUAKCHOTT-OUMTOUNSY,MR,Mauritanie,I,LC,18.31,-15.97
GUCY,CKY,CONAKRY,GN,Guinée (Conakry),I,LC,9.58,-13.61
HBBA,BJM,BUJUMBURA,BI,Burundi,I,LC,-3.32,29.32
HDAM,JIB,DJIBOUTI,DJ,Djibouti,I,LC,11.55,43.16
HETB,TCP,TABA,EG,Egypte,I,MC,29.59,34.78
HELX,LXR,LUXOR,EG,Egypte,I,MC,25.67,32.71
HECA,CAI,LE CAIRE,EG,Egypte,I,MC,30.11,31.41
HEGN,HRG,HURGHADA,EG,Egypte,I,MC,27.18,33.8
HEMA,RMF,MARSA ALAM,EG,Egypte,I,MC,25.07,34.9
HEAX,ALY,ALEXANDRIE INTL,EG,Egypte,I,MC,31.18,29.95
HESN,ASW,ASWAN,EG,Egypte,I,MC,23.96,32.82
HESH,SSH,SHARM EL SHEIKH,EG,Egypte,I,MC,27.98,34.39
HKMO,MBA,MOMBASA,KE,Kenya,I,LC,-4.03,39.6
HKEL,EDL,ELDORET,KE,Kenya,I,LC,0.41,35.24
HKJK,NBO,NAIROBI,KE,Kenya,I,LC,-1.32,36.93
HKNA,_nd,NAIROBI,KE,Kenya,I,LC,-1.32,36.87
HLLS,SEB,SEBHA,LY,Libye,I,MC,27.01,14.43
HLLB,BEN,BENGHAZI,LY,Libye,I,MC,32.10,20.27
HLLT,TIP,TRIPOLI,LY,Libye,I,MC,32.67,13.16
HLGT,GHT,GHAT,LY,Libye,I,MC,25.14,10.14
HRYR,KGL,KIGALI,RW,Rwanda,I,LC,-1.97,30.13
HSSS,KRT,KHARTOUM,SD,Soudan (Khartoum),I,LC,15.58,32.56
HTKJ,JRO,KILIMANJARO,TZ,Tanzanie,I,LC,-3.43,37.07
HTDA,DAR,DAR ES SALAAM,TZ,Tanzanie,I,LC,-6.88,39.2
HUEN,EBB,ENTEBBE/KAMPALA,UG,Ouganda,I,LC,0.04,32.44
HUKC,KLA,KAMPALA,UG,Ouganda,I,LC,,
OPRN,ISB,ISLAMABAD/RAWALPINDI,PK,Pakistan,I,LC,33.62,73.1
OPKC,KHI,KARACHI,PK,Pakistan,I,LC,24.90,67.15
OPLA,LHE,LAHORE,PK,Pakistan,I,LC,31.52,74.4
LATI,TIA,TIRANA,AL,Albanie,I,MC,41.41,19.72
LBSF,SOF,SOFIA,BG,Bulgarie,I,MC,42.70,23.41
LBWN,VAR,VARNA,BG,Bulgarie,I,MC,43.23,27.82
LBBG,BOJ,BOURGAS,BG,Bulgarie,I,MC,42.57,27.52
LCEN,ECN,NICOSIE ERCAN INTL,CY,Chypre,I,MC,35.15,33.5
LCPH,PFO,PAPHOS,CY,Chypre,I,MC,34.72,32.48
LCLK,LCA,LARNACA,CY,Chypre,I,MC,34.88,33.63
LDOS,OSI,OSIJEK,HR,Croatie,I,MC,45.55,18.68
LDZA,ZAG,ZAGREB,HR,Croatie,I,MC,45.74,16.07
LDZD,ZAD,ZADAR,HR,Croatie,I,MC,44.11,15.35
LDRI,RJK,RIJEKA,HR,Croatie,I,MC,45.22,14.57
LDDU,DBV,DUBROVNIK,HR,Croatie,I,MC,42.56,18.27
LDPL,PUY,PULA,HR,Croatie,I,MC,44.89,13.92
LDSP,SPU,SPLIT,HR,Croatie,I,MC,43.54,16.3
LFPG,CDG,PARIS-CHARLES DE GAULLE,FR,France (Métrop.),M,CC,49.01,2.55
LFPO,ORY,PARIS-ORLY,FR,France (Métrop.),M,CC,48.72,2.38
LHBP,BUD,BUDAPEST,HU,Hongrie,I,MC,47.44,19.26
LHDC,DEB,DEBRECEN,HU,Hongrie,I,MC,45.53,21.64
LIPX,VRN,VERONE-VILLAFRANCA,IT,Italie,I,MC,45.40,10.89
LIRF,FCO,ROME-FIUMICINO,IT,Italie,I,MC,41.81,12.25
LICJ,PMO,PALERME-PUNTA RAISI,IT,Italie,I,MC,38.18,13.1
LICA,SUF,LAMEZIA TERME,IT,Italie,I,MC,38.91,16.24
LIRN,NAP,NAPLES,IT,Italie,I,MC,40.88,14.29
LIRQ,FLR,FLORENCE,IT,Italie,I,MC,43.81,11.2
LIPH,TSF,VENISE-TREVISE,IT,Italie,I,MC,45.65,12.2
LIPK,FRL,FORLI,IT,Italie,I,MC,44.20,12.07
LIMP,PMF,PARME,IT,Italie,I,MC,44.82,10.29
LIBP,PSR,PESCARA,IT,Italie,I,MC,42.44,14.19
LIPY,AOI,ANCONE,IT,Italie,I,MC,43.62,13.36
LICC,CTA,CATANE FONTANAROSSA,IT,Italie,I,MC,37.47,15.07
LICR,REG,REGGIO CALABRIA,IT,Italie,I,MC,38.07,15.65
LIRZ,PEG,PEROUSE,IT,Italie,I,MC,43.10,12.51
LIPZ,VCE,VENISE-MARCO-POLO,IT,Italie,I,MC,45.51,12.35
LIVT,TRS,TRIESTE,IT,Italie,I,MC,45.67,13.77
LICB,CIY,COMISO,IT,Italie,I,MC,36.93,14.6
LIRP,PSA,PISE,IT,Italie,I,MC,43.68,10.39
LIEE,CAG,CAGLIARI,IT,Italie,I,MC,39.25,9.06
LIME,BGY,MILAN-BERGAME,IT,Italie,I,MC,45.67,9.7
LIEO,OLB,OLBIA,IT,Italie,I,MC,40.90,9.52
LIBD,BRI,BARI,IT,Italie,I,MC,41.14,16.77
LIPQ,TRS_,TRIESTE-RONCHI,IT,Italie,I,MC,45.83,13.47
LIMF,TRN,TURIN,IT,Italie,I,MC,45.20,7.65
LIMC,MXP,MILAN-MALPENSA,IT,Italie,I,MC,45.63,8.72
LICT,TPS,TRAPANI,IT,Italie,I,MC,37.91,12.49
LIRS,GRS,GROSSETO,IT,Italie,I,MC,42.77,11.11
LIPO,VBS,BRESCIA,IT,Italie,I,MC,45.43,10.33
LIPE,BLQ,BOLOGNE,IT,Italie,I,MC,44.53,11.29
LIBR,BDS,BRINDISI,IT,Italie,I,MC,40.66,17.95
LIML,LIN,MILAN-LINATE,IT,Italie,I,MC,45.45,9.28
LIMJ,GOA,GENES,IT,Italie,I,MC,44.41,8.84
LIEA,AHO,ALGHERO,IT,Italie,I,MC,40.63,8.29
LI99,_nd,DIVERS ITALIE,IT,Italie,I,MC,,
LIPG,_nd,GORIZIA,IT,Italie,I,MC,,
LIPN,QBS,VERONE-BOSCOMATICO,IT,Italie,I,MC,45.47,10.93
LIPR,RMI,RIMINI,IT,Italie,I,MC,44.02,12.61
LIRA,CIA,ROME-CIAMPINO,IT,Italie,I,MC,41.80,12.59
LJLJ,LJU,LJUBLJANA,SI,Slovénie,I,MC,46.22,14.46
LKMT,OSR,OSTRAVA,CZ,Tchéquie,I,MC,49.70,18.11
LKPR,PRG,PRAGUE,CZ,Tchéquie,I,MC,50.10,14.26
LLOV,VDA,OVDA,IL,Israël,I,MC,29.94,34.94
LLET,ETH,ELAT,IL,Israël,I,MC,29.56,34.96
LLBG,TLV,TEL AVIV-BEN GOURION,IL,Israël,I,MC,32.01,34.88
LMML,MLA,MALTE,MT,Malte,I,MC,35.86,14.48
LNMC,MCM,MONTE CARLO,MC,Monaco,I,MC,43.73,7.42
LOWI,INN,INNSBRUCK,AT,Autriche,I,MC,47.26,11.34
LOWW,VIE,VIENNE (AUT.),AT,Autriche,I,MC,48.11,16.57
LOWS,SZG,SALZBOURG,AT,Autriche,I,MC,47.79,13
LOWG,GRZ,GRAZ,AT,Autriche,I,MC,46.99,15.44
LOWL,LNZ,LINZ,AT,Autriche,I,MC,48.24,14.19
LOWK,KLU,KLAGENFURT,AT,Autriche,I,MC,46.64,14.34
LPAZ,SMA,SANTA MARIA (ACORES),PT,Portugal,I,MC,36.97,-25.17
LPFR,FAO,FARO,PT,Portugal,I,MC,37.01,-7.97
LPPS,PXO,PORTO SANTO (MADERE),PT,Portugal,I,MC,33.07,-16.35
LPLA,TER,TERCEIRA (ACORES),PT,Portugal,I,MC,38.76,-27.09
LPPT,LIS,LISBONNE-UMBERTO DELGADO,PT,Portugal,I,MC,38.77,-9.13
LPPD,PDL,PONTA DELGADA (ACORES),PT,Portugal,I,MC,37.74,-25.7
LPMA,FNC,FUNCHAL-MADERE,PT,Portugal,I,MC,32.69,-16.78
LPPR,OPO,PORTO,PT,Portugal,I,MC,41.24,-8.68
LQMO,OMO,MOSTAR,BA,Bosnie-Herzégovine,I,MC,43.28,17.85
LQTZ,TZL,TUZLA,BA,Bosnie-Herzégovine,I,MC,44.53,18.67
LQSA,SJJ,SARAJEVO,BA,Bosnie-Herzégovine,I,MC,43.82,18.33
LRBS,BBU,BUCAREST-BANEASA,RO,Roumanie,I,MC,44.50,26.1
LROP,OTP,BUCAREST-OTOPENI,RO,Roumanie,I,MC,44.57,26.09
LRBC,BCM,BACAU,RO,Roumanie,I,MC,46.52,26.91
LRCV,CRA,CRAIOVA,RO,Roumanie,I,MC,44.32,23.89
LRCK,CND,CONSTANTA,RO,Roumanie,I,MC,44.36,28.49
LRTM,TGM,TIRGU MURES,RO,Roumanie,I,MC,46.47,24.41
LRIA,IAS,IASI,RO,Roumanie,I,MC,47.18,27.62
LRTR,TSR,TIMISOARA,RO,Roumanie,I,MC,45.81,21.34
LRCL,CLJ,CLUJ-NAPOCA,RO,Roumanie,I,MC,46.78,23.69
LUKK,KIV,CHISINAU,MD,Moldavie,I,MC,46.93,28.93
LWOH,OHD,OHRID,MK,Macédoine (ARYM),I,MC,41.18,20.74
LWSK,SKP,SKOPJE,MK,Macédoine (ARYM),I,MC,41.96,21.62
LYBE,BEG,BELGRADE,RS,Serbie,I,MC,44.82,20.31
LYNI,INI,NIS,RS,Serbie,I,MC,43.34,21.85
LYTV,TIV,TIVAT,ME,Monténégro,I,MC,42.40,18.72
LYPG,TGD,PODGORICA,ME,Monténégro,I,MC,42.36,19.25
LZIB,BTS,BRATISLAVA,SK,Slovaquie,I,MC,48.17,17.21
LZKZ,KSC,KOSICE,SK,Slovaquie,I,MC,48.66,21.24
MDSD,SDQ,SANTO DOMINGO (REP. DOM.),DO,Dominicaine (Rép.),I,LC,18.43,-69.67
MDPC,PUJ,PUNTA CANA,DO,Dominicaine (Rép.),I,LC,18.57,-68.36
MDLR,LRM,LA ROMANA - CASA DE CAMPO,DO,Dominicaine (Rép.),I,LC,18.45,-68.91
MDCY,AZS,SAMANA INTL,DO,Dominicaine (Rép.),I,LC,19.27,-69.74
MDAB,_nd,SAMANA ARROYO BARRIL,DO,Dominicaine (Rép.),I,LC,19.20,-69.42
MDPP,POP,PUERTO PLATA,DO,Dominicaine (Rép.),I,LC,19.76,-70.57
MKJS,MBJ,MONTEGO BAY,JM,Jamaïque,I,LC,18.50,-77.91
MMUN,CUN,CANCUN,MX,Mexique,I,LC,21.04,-86.88
MMMD,MID,MERIDA (MEXIQUE),MX,Mexique,I,LC,20.94,-89.66
MMMX,MEX,MEXICO,MX,Mexique,I,LC,19.44,-99.07
MPTO,PTY,PANAMA CITY,PA,Panama,I,LC,9.08,-79.38
MROC,SJO,SAN JOSE,CR,Costa Rica,I,LC,10.00,-84.2
MTPP,PAP,PORT AU PRINCE,HT,Haïti,I,LC,18.58,-72.3
MUCU,SCU,SANTIAGO (CUBA),CU,Cuba,I,LC,19.97,-75.84
MUCA,AVI,CIEGO DE AVILA,CU,Cuba,I,LC,22.03,-78.79
MUSC,SNU,SANTA CLARA,CU,Cuba,I,LC,22.49,-79.94
MUGH,_nd,HOLGUIN,CU,Cuba,I,LC,20.79,-76.31
MUCC,CCC,CAYO COCO,CU,Cuba,I,LC,22.46,-78.33
MUVR,VRA,VARADERO,CU,Cuba,I,LC,23.03,-81.44
MUHA,HAV,LA HAVANE,CU,Cuba,I,LC,22.99,-82.41
SVMG,PMV,PORLAMAR,VE,Venezuela,I,LC,10.92,-63.97
SVMI,CCS,CARACAS,VE,Venezuela,I,LC,10.61,-66.99
SVBS,MYC_,MARACAY,VE,Venezuela,I,LC,10.25,-67.65
MYSM,ZSA,SAN SALVADOR/BAHAMAS,BS,Bahamas,I,LC,24.06,-74.52
MYNN,NAS,NASSAU,BS,Bahamas,I,LC,25.04,-77.47
MYGF,FPO,FREEPORT,BS,Bahamas,I,LC,26.56,-78.7
OBBI,BAH,BAHREIN INTL,BH,Bahreïn,I,LC,26.27,50.63
OYSN,SAH,SANAA,YE,Yémen,I,LC,15.48,44.22
OYAA,ADE,ADEN,YE,Yémen,I,LC,12.83,45.03
OIIE,IKA,TEHERAN - IMAM KHOMEINI,IR,Iran,I,LC,35.42,51.15
OIII,THR,TEHERAN - MEHRABAD,IR,Iran,I,LC,35.69,51.31
OJAM,ADJ,AMMAN-MARKA,JO,Jordanie,I,MC,31.97,35.99
OJAI,AMM,AMMAN-QUEEN ALIA,JO,Jordanie,I,MC,31.72,35.99
OJAQ,AQJ,AQABA,JO,Jordanie,I,MC,29.61,35.02
OKBK,KWI,KOWEIT INTL,KW,Koweït,I,LC,29.23,47.97
OLBA,BEY,BEYROUTH,LB,Liban,I,MC,33.82,35.49
OOMS,MCT,MUSCAT,OM,Oman,I,LC,23.59,58.28
ORBI,SDA,BAGDAD INTL,IQ,Irak,I,LC,33.26,44.23
OSAP,ALP,ALEPPO,SY,Syrie,I,MC,36.18,37.23
OSDI,DAM,DAMAS,SY,Syrie,I,MC,33.41,36.51
OTHH,DOH,DOHA-HAMAD INTERNATIONAL,QA,Qatar,I,LC,25.17,51.55
OTBD,DOH_,DOHA INTERNATIONAL,QA,Qatar,I,LC,25.26,51.56
SCEL,SCL,SANTIAGO DU CHILI,CL,Chili,I,LC,-33.39,-70.79
RCTP,TPE,TAIPEI,TW,Taiwan,I,LC,25.08,121.23
RPLL,MNL,MANILLE,PH,Philippines,I,LC,14.51,121.02
RPMM,MNL_,MANILA,PH,Philippines,I,LC,7.62,124.05
SAEZ,EZE,BUENOS AIRES,AR,Argentine,I,LC,-34.82,-58.54
SEQU,UIO,QUITO,EC,Equateur,I,LC,-0.14,-78.49
SKBQ,BAQ,BARRANQUILLA,CO,Colombie,I,LC,10.89,-74.78
SKBO,BOG,BOGOTA,CO,Colombie,I,LC,4.70,-74.14
SPJC,LIM,LIMA JORGE CHAVEZ INTERNATIONAL,PE,Pérou,I,LC,-12.02,-77.11
SUMU,MVD,MONTEVIDEO,UY,Uruguay,I,LC,-34.84,-56.03
TAPA,ANU,ANTIGUA,AG,Antigua et Barbuda,I,LC,17.14,-61.79
TBPB,BGI,BARBADOS,BB,Barbade,I,LC,13.08,-59.49
TFFG,SFG,ST-MARTIN-GRAND-CASE,GP,France (Guadeloupe),O,LC,18.10,-63.05
TJSJ,SJU,SAN JUAN,PR,Porto Rico (EU),I,LC,18.44,-66
TLPL,UVF,STE. LUCIE - HEWANORRA,LC,Ste Lucie,I,LC,13.73,-60.95
TLPC,SLU,STE. LUCIE - GEORGE F. CHARLES,LC,Ste Lucie,I,LC,14.02,-61
TNCA,AUA,ARUBA,AN,Pays-Bas (Antilles),I,LC,12.51,-69.97
TNCM,SXM,ST-MARTIN JULIANA,AN,Pays-Bas (Antilles),I,LC,18.04,-63.11
TXKF,BDA,BERMUDES,BM,Bermudes (UK),I,LC,32.36,-64.68
UACC,TSE,ASTANA,KZ,Kazakhstan,I,LC,51.03,71.47
UBBB,GYD,BAKOU,AZ,Azerbaïdjan,I,LC,40.47,50.05
UDYZ,EVN,EREVAN-ZVARTNOTS,AM,Arménie,I,MC,40.15,44.4
UKBB,KBP,KIEV-BORISPOL INTL,UA,Ukraine,I,MC,50.34,30.89
UKKK,IEV,KIEV 6 ZHULYANY,UA,Ukraine,I,MC,50.40,30.45
UKCC,DOK,DONETSK,UA,Ukraine,I,MC,48.07,37.74
UMMS,MSQ,MINSK,BY,Biélorussie,I,MC,53.88,28.03
UMMM,MHP,MINSK 1,BY,Biélorussie,I,MC,53.87,27.54
UTTT,TAS,TASHKENT,UZ,Ouzbékistan,I,LC,41.26,69.28
UTNU,UGC,URGENCH,UZ,Ouzbékistan,I,LC,41.58,60.65
UTAA,ASB,ASHGABAT,TM,Turkménistan,I,LC,37.99,58.36
VDPP,PNH,PHNOM PENH,KH,Cambodge,I,LC,11.55,104.92
VGZR,DAC,DHAKA,BD,Bangladesh,I,LC,23.84,90.4
VHHH,HKG,HONG KONG,HK,Hong Kong (Chine),I,LC,22.31,113.91
VRMM,MLE,MALE MALDIVES,MV,Maldives,I,LC,4.19,73.53
VTBD,DMK,BANGKOK ANC.,TH,Thaïlande,I,LC,13.91,100.61
VTBS,BKK,BANGKOK,TH,Thaïlande,I,LC,13.68,100.75
VTSP,HKT,PHUKET,TH,Thaïlande,I,LC,8.11,98.31
VTBU,UTP,RAYONG,TH,Thaïlande,I,LC,12.68,101.01
WIMM,MES,MEDAN,ID,Indonésie,I,LC,3.56,98.68
WRRR,DPS,DENPASAR BALI,ID,Indonésie,I,LC,-8.75,115.17
WIIX,JKT,JAKARTA,ID,Indonésie,I,LC,,
WSSS,SIN,SINGAPOUR,SG,Singapour,I,LC,1.36,103.99
ZLC_,LC_,AEROPORT ETRANGER LONG COURRIER,,Etranger LC,I,LC,,
ZMUB,ULN,OULAN BATOR GENGIS KAHN,MN,Mongolie,I,LC,47.84,106.77
ZMC_,MC_,AEROPORT ETRANGER MOYEN COURRIER,,Etranger MC,I,MC,,
ZZM_,ZM_,AEROPORT FRANCAIS METROPOLE,,France (Métrop.),M,CC,,
ZZO_,ZO_,AEROPORT FRANCAIS OM,,France (OM),O,LC,,
